@justinbieber,27260086
@katyperry,21447363
@ladygaga,14230524
@BarackObama,813286
@taylorswift13,17919972
@YouTube,10228272
@britneyspears,16409683
@rihanna,79293791
@instagram,180505807
@jtimberlake,26565946
@luqman_hakim_y,101402940
@twitter,783214
@JLo,85603854
@shakira,44409004
@TheEllenShow,15846407
@Cristiano,155659213
@Oprah,19397785
@Pink,28706024
@KimKardashian,25365536
@ddlovato,21111883
@OfficialAdele,184910040
@smart_advisory,1311017701
@NICKIMINAJ,35787166
@BrunoMars,100220864
@KAKA,60865434
@selenagomez,23375688
@aliciakeys,35094637
@Harry_Styles,181561712
@Eminem,22940219
@onedirection,209708391
@aplusk,19058681
@NiallOfficial,105119490
@Lookfiltercom,815322103
@Pitbull,31927467
@MileyCyrus,268414482
@LilTunechi,116362700
@MariahCarey,19248106
@cnnbrk,428333
@AvrilLavigne,73992972
@chrisbrown,119509520
@twitter_es,85426644
@Real_Liam_Payne,158314798
@Louis_Tomlinson,84279963
@smart_advisory,1311017701
@BillGates,50393960
@davidguetta,23976386
@Drake,27195114
@ParisHilton,24929621
@Beyonce,31239408
@facebook,2425151
@JimCarrey,52551600
@wizkhalifa,20322929
@RyanSeacrest,16190898
@coldplay,18863815
@cloudyn_buzz,218571680
@SnoopDogg,3004231
@UberSoc,21425125
@ashleytisdale,18091904
@tyrabanks,53153263
@zaynmalik,176566242
@AlejandroSanz,43152482
@charliesheen,259379883
@CNN,759251
@FCBarcelona,96951800
@EmWatson,166739404
@antonperreau,15173166
@iamwill,49573859
@kanyewest,169686021
@jimmyfallon,15485441
@KingJames,23083404
@MTV,2367911
@KourtneyKardash,23617610
@ricky_martin,40255499
@ArianaGrande,34507480
@nytimes,807095
@xtina,268439864
@cloudyn_buzz,218571680
@TwitPic,12925072
@iamdiddy,18220175
@ConanOBrien,115485051
@ivetesangalo,14502789
@danieltosh,25521487
@agnezmo,42420346
@paulocoelho,5520952
@carlyraejepsen,24852465
@KevinHart4real,23151437
@realmadrid,14872237
@SherMart,43738235
@Usher,40908929
@KhloeKardashian,32959253
@juanes,47288005
@Njr92,158487331
@kelly_clarkson,23690344
@Ludacris,17696167
@NBA,19923144
@SimonCowell,413487212
@programapanico,35765232
@DalaiLama,20609518
@Lookfiltercom,815322103
@edsheeran,85452649
@SHAQ,17461978
@LeoDiCaprio,133880286
@paurubio,23605048
@50cent,18222378
@ClaudiaLeitte,48332360
@10Ronaldinho,29479000
@nickjonas,56783491
@LucianoHuck,43023158
@LMFAO,19691643
@luqman_hakim_y,101402940
@WayneRooney,285332860
@lindsaylohan,65992743
@espn,2557521
@tomhanks,50374439
@rustyrockets,19562228
@BBCBreaking,5402612
@JessicaSimpson,29840295
@marcosmion,36152770
@TreySongz,24966423
@andresiniesta8,90836187
@cloudyn_buzz,218571680
@google,20536157
@TweetRAMALAN,218437274
@Anahi,30040682
@victoriabeckham,185314895
@sherinamunaf,33873560
@3gerardpique,224223563
@JessieJ,36008570
@ActuallyNPH,90420314
@funnyordie,15693493
@SabrinaSatoReal,34171224
@LoescheGroup,614405052
@EvaLongoria,110827653
@jessicaalba,92367751
@ZacEfron,492399548
@MohamadAlarefe,219255067
@snooki,28638191
@joejonas,104249727
@PerezHilton,19329393
@stephenfry,15439395
@VictoriaJustice,50037051
@BreakingNews,6017542
@LiveTravelling,47775007
@KendallJenner,157140968
@SrBachchan,145125358
@rafinhabastos,18297088
@OMGFacts,77888423
@enrique305,46452468
@CodySimpson,79650494
@maroon5,24886570
@daddy_yankee,36483808
@SportsCenter,26257166
@davidbisbal,57099808
@hungryhouse,21117752
@detikcom,69183155
@ChespiritoRGB,305085584
@eonline,2883841
@cesc4official,185827887
@justdemi,19554706
@chelseahandler,19877186
@twitcam,9938852
@TheRock,250831586
@MirandaCosgrove,25970331
@IAMQUEENLATIFAH,50826280
@SMGjeremy,568037222
@luisfonsi,24702915
@KELLYROWLAND,30782495
@CNNEE,33884545
@radityadika,47363197
@XabiAlonso,183387449
@annecurtissmith,23563916
@OneLouderApps,17790274
@106andpark,30309979
@JohnCena,141664648
@NeYoCompound,26895879
@Lookfiltercom,815322103
@thalia,4101221
@hootsuite,17093617
@LunaMaya26,128841198
@Carles5puyol,136007061
@jason_mraz,19018401
@Tyga,22733444
@CherLloyd,209994211
@TheOnion,14075928
@StephenAtHome,16303106
@peoplemag,25589776
@Markjeffries1,17057058
@MichelleObama,409486555
@vidialdiano,42513459
@JonasBrothers,24285686
@rickygervais,20015311
@marcoluque,20432727
@rede_globo,18219976
@Legendarios,51658431
@RafaelNadal,344634424
@UberFacts,95023423
@FCBarcelona_es,112764971
@smart_advisory,1311017701
@Calle13Oficial,39203045
@TIME,14293310
@channingtatum,6427882
@SofiaVergara,91390383
@nfl,19426551
@afgansyah_reza,94339403
@ciara,28897926
@DaniloGentili,14213711
@KDTrey5,35936474
@CMYLMZ,126571977
@Lookfiltercom,815322103
@NASA,11348282
@johnlegend,18228898
@THENWOBLOG,126016806
@BeingSalmanKhan,132385468
@Notebook,233430873
@realwbonner,52471614
@ollyofficial,95465386
@showdavida,29797128
@ZooeyDeschanel,66561957
@SethMacFarlane,18948541
@calestous,33388399
@rioferdy5,155927976
@iamsrk,101311381
@Akon,25421094
@SarahKSilverman,30364057
@KylieJenner,236699098
@SamsungMobileUS,14117843
@officialjaden,262794965
@priyankachopra,18681139
@yokoono,17681513
@Fearnecotton,19818494
@calestous,33388399
@shireensungkar,62469487
@rodrigovesgo,41384170
@BigSean,17915334
@luansantana,59156773
@bepe20s,23167514
@Tip,117778179
@NickCannon,19571299
@JuanLuisGuerra,104974333
@MarceloTas,6741632
@maryjblige,54951973
@erganicdesign,35661494
@noaheverett,13058232
@oceara,40713101
@SamsungMobile,297169759
@iTunesMusic,74580436
@aguerosergiokun,139092348
@adamlevine,58528137
@montanertwiter,55033131
@DulceMaria,79327591
@souljaboy,16827333
@LennyKravitz,23006794
@calestous,33388399
@JColeNC,19028953
@RobKardashian,27989078
@Metro_TV,57261519
@aamir_khan,88856792
@DwightHoward,16812787
@DJPaulyD,94360081
@bellathorne,48177728
@NasehatSuper,284830933
@SandyLeah,51509917
@official_flo,29547045
@smart_advisory,1311017701
@Guaje7Villa,426738834
@MarcAnthony,254274083
@andersoncooper,15224867
@Starbucks,30973
@lilyallen,16998020
@SteveMartinToGo,14824849
@RevRunWisdom,23832022
@shugairi,175883705
@BBCWorld,742143
@chavezcandanga,128637475
@Lookfiltercom,815322103
@DwyaneWade,33995409
@CHAYANNEMUSIC,29749448
@nicolerichie,27778893
@Dr_alqarnee,242245578
@cinema21,18211861
@iansomerhalder,58233603
@TomCruise,48410093
@NatGeo,17471979
@CherylCole,262881419
@RedHourBen,62290422
@luqman_hakim_y,101402940
@deepikapadukone,101695592
@MacMiller,23065354
@RealLamarOdom,28669612
@FloydMayweather,42519612
@IrfanBachdim10,214690684
@WhiteHouse,30313925
@AustinMahone,196795202
@ahickmann,43394391
@Ricardo_Arjona,17549677
@NicoleScherzy,24741517
@smart_advisory,1311017701
@lancearmstrong,16727535
@ninadobrev,73443014
@serenawilliams,26589987
@msleamichele,50515656
@Fiuk,43132532
@llcoolj,19330043
@hollywills,20508222
@LittleMixOffic,380399508
@iHrithik,113419517
@pepatah,108033583
@Lookfiltercom,815322103
@jennettemccurdy,15460081
@galifianakisz,36686415
@JordinSparks,19555067
@JKCorden,215952307
@DiegoForlan7,130122646
@kevinjonas,104288093
@SpiderAnderson,246225682
@SergioRamos,151123001
@ochocinco,40519997
@MikeTyson,156132825
@Lookfiltercom,815322103
@siwon407,125603760
@piersmorgan,216299334
@TheXFactor,15820664
@TheEconomist,5988062
@vineapp,586671909
@blakeshelton,14920785
@WhatTheFFacts,352145373
@cbabdullahgul,95602761
@SeanKingston,23648057
@Pontifex_es,525264466
@haighdavid,25028906
@OfficialWillow,185739738
@hcapriles,47491330
@GalileaMontijo,102729125
@HilaryDuff,200913899
@snaptu,16736293
@TigerWoods,32453930
@bep,7428362
@TomCavalcante1,48440176
@WholeFoods,15131310
@donghae861015,130834357
@hungryhouse,21117752
@tonyhawk,21879024
@jamieoliver,18676177
@KeriHilson,26516984
@jimmycarr,17020962
@Persie_Official,230845588
@pittyleone,24989174
@keshasuxx,26090319
@salman_alodah,78010944
@mashable,972651
@BillCosby,54682125
@SMGjeremy,568037222
@simonpegg,18713254
@JonahHill,256573865
@ScottDisick,101928415
@oserginho,65151248
@richardbranson,8161232
@OMARCHAPARRO,16721910
@yelyahwilliams,40981798
@JENNIWOWW,93935921
@Zendaya,154280902
@wossy,17753033
@smart_advisory,1311017701
@psy_oppa,740216334
@toptweets,113425681
@TravieMcCoy,39325978
@WWE,7517222
@Nelly_Mo,24775528
@MesutOzil1088,533085085
@wyclef,20659839
@Lakers,20346956
@kobebryant,1059194370
@VINNYGUADAGNINO,95515846
@ModelsWebTV,231569466
@GloriaTrevi,86119466
@SBYudhoyono,1307120064
@MCHammer,6273552
@HuffingtonPost,14511951
@jimjonescapo,21705616
@joelmchale,14506253
@PretaGil,35693211
@KellyOsbourne,41229669
@amandabynes,243442402
@Reuters,1652541
@LiveTravelling,47775007
@RT_Erdogan,68034431
@FALCAO,58531272
@RitaOra,27725199
@julietav,38871237
@KrisJenner,23613479
@werevertumorro,37718134
@NellyFurtado,50751556
@officialtulisa,109705251
@WSJ,3108351
@EugenioDerbez,46527223
@SMGjeremy,568037222
@komedyieni,170428440
@Wale,17929027
@LaurenConrad,34097876
@Skrillex,18825961
@lucyhale,29756339
@vicegandako,186712788
@AlArabiya_Brk,23573083
@micheltelo,38185503
@OfficialOzzy,24963961
@akshaykumar,31348594
@andypahwa,15198585
@GiulianaRancic,21681809
@Lord_Sugar,160926944
@MLB,18479513
@girlposts,132774626
@alyankovic,22461427
@TwitterMusic,373471064
@tvOneNews,55507370
@IamAngelicaP,108345784
@azizansari,6480682
@BlackBerry,14580438
@SMGjeremy,568037222
@CHRISDJMOYLES,19982092
@linkinpark,19373710
@shitmydadsays,62581962
@indrabektiasli,54641845
@RealHughJackman,27042513
@autocorrects,345811633
@GalatasaraySK,23186079
@EmilyOsment,21323673
@drdrew,14515734
@DemetAkalin,150566311
@erganicdesign,35661494
@FoxNews,1367531
@Jenna_Marbles,66699013
@usainbolt,45112524
@dahsyatnyaolga,257861295
@DaneCook,20978103
@robdyrdek,14622632
@DisneyPixar,43192807
@DrOz,38531995
@scooterbraun,16679529
@bridgitmendler,37457377
@ModelsWebTV,231569466
@hulyavsar,91845185
@GaryBarlow,386654472
@polo_polo,15934029
@NoelSchajris,56521114
@syntekoficial,36307418
@RollingStone,14780915
@eddieizzard,24447643
@RandyOrton,168767461
@SoDamnTrue,219049532
@NoticiasRCN,35013719
@luqman_hakim_y,101402940
@tylerperry,58598187
@Pontifex,500704345
@IAMJHUD,33990291
@muyinteresante,15648827
@bigtimerush,79536438
@TFLN,21506437
@Tyrese,24621955
@CalvinHarris,18625669
@Gusttavo_lima,126676337
@rickyrozay,149726145
@SMGjeremy,568037222
@EleanorJCalder,464139666
@KevinSpacey,27457788
@TechCrunch,816653
@QueenRania,36412963
@DaniAlvesD2,142204481
@iCarly,37008705
@el_pais,7996082
@CarlosLoret,68844197
@Schwarzenegger,12044602
@ashleesimpson,26885308
@hungryhouse,21117752
@NabilAlawadhy,243711009
@JanetJackson,52939106
@shahidkapoor,56631494
@NoticiasCaracol,17813487
@diegotorres,87808186
@SaraBareilles,6211972
@kc_concepcion,43032508
@DONOMAR,154605679
@jimmykimmel,26053643
@arrahman,19895282
@haighdavid,25028906
@FreddyAmazin,61003804
@zappos,7040932
@MarthaStewart,21324258
@JakeTAustin,19882775
@MrPeterAndre,24086418
@ReggieBush,62902439
@lulopilato,38741679
@UncleRUSH,25110374
@Dropbox,14749606
@paulpierce34,27115071
@smart_advisory,1311017701
@S_C_,17560096
@manomenezes,27710376
@petewentz,16264006
@antanddec,17386885
@YordiRosado,46508678
@jimmyeatworld,14994465
@DannyDeVito,71876190
@mirandalambert,34738598
@iamjamiefoxx,138600717
@voguemagazine,136361303
@andypahwa,15198585
@ChinoyNacho,70162012
@DeboConfesarQue,191949347
@Talhabeeb,275558381
@sonamakapoor,51376979
@mishari_alafasy,136002930
@JohnCleese,10810102
@Arsenal,34613288
@DjKingAssassin,18548136
@lopezdoriga,236636515
@louisck,22027186
@ModelsWebTV,231569466
@juniorbachchan,87170183
@chelseafc,22910295
@SamuelLJackson,75974281
@damnitstrue,66714703
@okanbayulgen,266644093
@GeErgen,89006817
@EW,16312576
@portalR7,65473559
@MeekMill,20567939
@Fonseca,45580261
@SMGjeremy,568037222
@gabyespino,92670884
@Disney,67418441
@ntvspor,15016249
@addthis,15907720
@GranReflexion,51581070
@questlove,14939981
@twittermobile,3963481
@luckymanzano,134657984
@la_patilla,124172948
@GreenDay,67995848
@Lookfiltercom,815322103
@samuelmilby,83613107
@echofon,58166411
@lala,24967668
@algore,17220934
@DollyParton,14790966
@maddow,16129920
@FePaesLeme,50821343
@MensHumor,355741893
@XSTROLOGY,130734452
@wisinyyandel,25410548
@smart_advisory,1311017701
